{
  "project_info": {
    "project_number": "164970749475",
    "firebase_url": "https://cxfactor-304.firebaseio.com",
    "project_id": "cxfactor-304",
    "storage_bucket": "cxfactor-304.appspot.com"
  },
  "client": [
    {
      "client_info": {
        "mobilesdk_app_id": "1:164970749475:android:21854d42626ad7f8",
        "android_client_info": {
          "package_name": "com.android.chienfx.cxfactor"
        }
      },
      "oauth_client": [
        {
          "client_id": "164970749475-ipum0mhm2269utot94kr2u079jla9h1a.apps.googleusercontent.com",
          "client_type": 3
        }
      ],
      "api_key": [
        {
          "current_key": "AIzaSyBKoyf1dYGKp65rcHNvIzxHOuYI2clj2dI"
        }
      ],
      "services": {
        "analytics_service": {
          "status": 1
        },
        "appinvite_service": {
          "status": 1,
          "other_platform_oauth_client": []
        },
        "ads_service": {
          "status": 2
        }
      }
    }
  ],
  "configuration_version": "1"
}